{
	"partitions" : [
		{
			"name" : "Top",
			"pins" : [
				{
					"name" : "result[0]",
					"strict" : false
				},
				{
					"name" : "result[1]",
					"strict" : false
				},
				{
					"name" : "result[2]",
					"strict" : false
				},
				{
					"name" : "result[3]",
					"strict" : false
				},
				{
					"name" : "result[4]",
					"strict" : false
				},
				{
					"name" : "result[5]",
					"strict" : false
				},
				{
					"name" : "result[6]",
					"strict" : false
				},
				{
					"name" : "result[7]",
					"strict" : false
				},
				{
					"name" : "result[8]",
					"strict" : false
				},
				{
					"name" : "result[9]",
					"strict" : false
				},
				{
					"name" : "result[10]",
					"strict" : false
				},
				{
					"name" : "result[11]",
					"strict" : false
				},
				{
					"name" : "result[12]",
					"strict" : false
				},
				{
					"name" : "result[13]",
					"strict" : false
				},
				{
					"name" : "result[14]",
					"strict" : false
				},
				{
					"name" : "result[15]",
					"strict" : false
				},
				{
					"name" : "result[16]",
					"strict" : false
				},
				{
					"name" : "result[17]",
					"strict" : false
				},
				{
					"name" : "result[18]",
					"strict" : false
				},
				{
					"name" : "result[19]",
					"strict" : false
				},
				{
					"name" : "result[20]",
					"strict" : false
				},
				{
					"name" : "result[21]",
					"strict" : false
				},
				{
					"name" : "result[22]",
					"strict" : false
				},
				{
					"name" : "result[23]",
					"strict" : false
				},
				{
					"name" : "result[24]",
					"strict" : false
				},
				{
					"name" : "result[25]",
					"strict" : false
				},
				{
					"name" : "result[26]",
					"strict" : false
				},
				{
					"name" : "result[27]",
					"strict" : false
				},
				{
					"name" : "result[28]",
					"strict" : false
				},
				{
					"name" : "result[29]",
					"strict" : false
				},
				{
					"name" : "result[30]",
					"strict" : false
				},
				{
					"name" : "result[31]",
					"strict" : false
				},
				{
					"name" : "op[0]",
					"strict" : false
				},
				{
					"name" : "op[2]",
					"strict" : false
				},
				{
					"name" : "A[31]",
					"strict" : false
				},
				{
					"name" : "B[31]",
					"strict" : false
				},
				{
					"name" : "A[28]",
					"strict" : false
				},
				{
					"name" : "B[28]",
					"strict" : false
				},
				{
					"name" : "A[27]",
					"strict" : false
				},
				{
					"name" : "B[27]",
					"strict" : false
				},
				{
					"name" : "A[26]",
					"strict" : false
				},
				{
					"name" : "B[26]",
					"strict" : false
				},
				{
					"name" : "A[25]",
					"strict" : false
				},
				{
					"name" : "B[25]",
					"strict" : false
				},
				{
					"name" : "A[24]",
					"strict" : false
				},
				{
					"name" : "B[24]",
					"strict" : false
				},
				{
					"name" : "A[23]",
					"strict" : false
				},
				{
					"name" : "B[23]",
					"strict" : false
				},
				{
					"name" : "A[22]",
					"strict" : false
				},
				{
					"name" : "B[22]",
					"strict" : false
				},
				{
					"name" : "A[21]",
					"strict" : false
				},
				{
					"name" : "B[21]",
					"strict" : false
				},
				{
					"name" : "A[20]",
					"strict" : false
				},
				{
					"name" : "B[20]",
					"strict" : false
				},
				{
					"name" : "A[19]",
					"strict" : false
				},
				{
					"name" : "B[19]",
					"strict" : false
				},
				{
					"name" : "A[18]",
					"strict" : false
				},
				{
					"name" : "B[18]",
					"strict" : false
				},
				{
					"name" : "A[17]",
					"strict" : false
				},
				{
					"name" : "B[17]",
					"strict" : false
				},
				{
					"name" : "A[16]",
					"strict" : false
				},
				{
					"name" : "B[16]",
					"strict" : false
				},
				{
					"name" : "A[15]",
					"strict" : false
				},
				{
					"name" : "B[15]",
					"strict" : false
				},
				{
					"name" : "A[14]",
					"strict" : false
				},
				{
					"name" : "B[14]",
					"strict" : false
				},
				{
					"name" : "A[11]",
					"strict" : false
				},
				{
					"name" : "B[11]",
					"strict" : false
				},
				{
					"name" : "A[10]",
					"strict" : false
				},
				{
					"name" : "B[10]",
					"strict" : false
				},
				{
					"name" : "A[13]",
					"strict" : false
				},
				{
					"name" : "B[13]",
					"strict" : false
				},
				{
					"name" : "A[12]",
					"strict" : false
				},
				{
					"name" : "B[12]",
					"strict" : false
				},
				{
					"name" : "A[9]",
					"strict" : false
				},
				{
					"name" : "B[9]",
					"strict" : false
				},
				{
					"name" : "A[8]",
					"strict" : false
				},
				{
					"name" : "B[8]",
					"strict" : false
				},
				{
					"name" : "A[7]",
					"strict" : false
				},
				{
					"name" : "B[7]",
					"strict" : false
				},
				{
					"name" : "A[6]",
					"strict" : false
				},
				{
					"name" : "B[6]",
					"strict" : false
				},
				{
					"name" : "B[0]",
					"strict" : false
				},
				{
					"name" : "A[0]",
					"strict" : false
				},
				{
					"name" : "A[1]",
					"strict" : false
				},
				{
					"name" : "B[1]",
					"strict" : false
				},
				{
					"name" : "A[3]",
					"strict" : false
				},
				{
					"name" : "B[3]",
					"strict" : false
				},
				{
					"name" : "A[2]",
					"strict" : false
				},
				{
					"name" : "B[2]",
					"strict" : false
				},
				{
					"name" : "A[5]",
					"strict" : false
				},
				{
					"name" : "B[5]",
					"strict" : false
				},
				{
					"name" : "A[4]",
					"strict" : false
				},
				{
					"name" : "B[4]",
					"strict" : false
				},
				{
					"name" : "A[30]",
					"strict" : false
				},
				{
					"name" : "B[30]",
					"strict" : false
				},
				{
					"name" : "A[29]",
					"strict" : false
				},
				{
					"name" : "B[29]",
					"strict" : false
				},
				{
					"name" : "op[3]",
					"strict" : false
				},
				{
					"name" : "op[1]",
					"strict" : false
				}
			]
		}
	]
}