{
	"partitions" : [
		{
			"name" : "Top",
			"pins" : [
				{
					"name" : "imm32[0]",
					"strict" : false
				},
				{
					"name" : "imm32[1]",
					"strict" : false
				},
				{
					"name" : "imm32[2]",
					"strict" : false
				},
				{
					"name" : "imm32[3]",
					"strict" : false
				},
				{
					"name" : "imm32[4]",
					"strict" : false
				},
				{
					"name" : "imm32[5]",
					"strict" : false
				},
				{
					"name" : "imm32[6]",
					"strict" : false
				},
				{
					"name" : "imm32[7]",
					"strict" : false
				},
				{
					"name" : "imm32[8]",
					"strict" : false
				},
				{
					"name" : "imm32[9]",
					"strict" : false
				},
				{
					"name" : "imm32[10]",
					"strict" : false
				},
				{
					"name" : "imm32[11]",
					"strict" : false
				},
				{
					"name" : "imm32[12]",
					"strict" : false
				},
				{
					"name" : "imm32[13]",
					"strict" : false
				},
				{
					"name" : "imm32[14]",
					"strict" : false
				},
				{
					"name" : "imm32[15]",
					"strict" : false
				},
				{
					"name" : "imm32[16]",
					"strict" : false
				},
				{
					"name" : "imm32[17]",
					"strict" : false
				},
				{
					"name" : "imm32[18]",
					"strict" : false
				},
				{
					"name" : "imm32[19]",
					"strict" : false
				},
				{
					"name" : "imm32[20]",
					"strict" : false
				},
				{
					"name" : "imm32[21]",
					"strict" : false
				},
				{
					"name" : "imm32[22]",
					"strict" : false
				},
				{
					"name" : "imm32[23]",
					"strict" : false
				},
				{
					"name" : "imm32[24]",
					"strict" : false
				},
				{
					"name" : "imm32[25]",
					"strict" : false
				},
				{
					"name" : "imm32[26]",
					"strict" : false
				},
				{
					"name" : "imm32[27]",
					"strict" : false
				},
				{
					"name" : "imm32[28]",
					"strict" : false
				},
				{
					"name" : "imm32[29]",
					"strict" : false
				},
				{
					"name" : "imm32[30]",
					"strict" : false
				},
				{
					"name" : "imm32[31]",
					"strict" : false
				},
				{
					"name" : "inst[7]",
					"strict" : false
				},
				{
					"name" : "inst[5]",
					"strict" : false
				},
				{
					"name" : "inst[4]",
					"strict" : false
				},
				{
					"name" : "inst[2]",
					"strict" : false
				},
				{
					"name" : "inst[3]",
					"strict" : false
				},
				{
					"name" : "inst[6]",
					"strict" : false
				},
				{
					"name" : "inst[0]",
					"strict" : false
				},
				{
					"name" : "inst[1]",
					"strict" : false
				},
				{
					"name" : "inst[20]",
					"strict" : false
				},
				{
					"name" : "inst[21]",
					"strict" : false
				},
				{
					"name" : "inst[8]",
					"strict" : false
				},
				{
					"name" : "inst[22]",
					"strict" : false
				},
				{
					"name" : "inst[9]",
					"strict" : false
				},
				{
					"name" : "inst[23]",
					"strict" : false
				},
				{
					"name" : "inst[10]",
					"strict" : false
				},
				{
					"name" : "inst[24]",
					"strict" : false
				},
				{
					"name" : "inst[11]",
					"strict" : false
				},
				{
					"name" : "inst[25]",
					"strict" : false
				},
				{
					"name" : "inst[26]",
					"strict" : false
				},
				{
					"name" : "inst[27]",
					"strict" : false
				},
				{
					"name" : "inst[28]",
					"strict" : false
				},
				{
					"name" : "inst[29]",
					"strict" : false
				},
				{
					"name" : "inst[30]",
					"strict" : false
				},
				{
					"name" : "inst[31]",
					"strict" : false
				},
				{
					"name" : "inst[12]",
					"strict" : false
				},
				{
					"name" : "inst[13]",
					"strict" : false
				},
				{
					"name" : "inst[14]",
					"strict" : false
				},
				{
					"name" : "inst[15]",
					"strict" : false
				},
				{
					"name" : "inst[16]",
					"strict" : false
				},
				{
					"name" : "inst[17]",
					"strict" : false
				},
				{
					"name" : "inst[18]",
					"strict" : false
				},
				{
					"name" : "inst[19]",
					"strict" : false
				}
			]
		}
	]
}